"","country.code","component","stimulus","country","region","gdp","stim.reg","total.stim.reg","gdp.reg","pct.gdp"
"1","AFG","Health sector spending",83090889,"Afghanistan","ASIA",19101353832.7371,29572892684,1455991973589,69510348699489,0.0209464058349588
"2","AGO","Health sector spending",1.2e+08,"Angola","MAF",94635415869.9851,36034241769,227246482823,12840493265866.5,0.0176976443285931
"3","ALB","Health sector spending",23750000,"Albania","OECD-Europe",15278077446.8643,489451356261,4428601093859,107510223514284,0.0411923717493771
"4","ARE","Health sector spending",0,"United Arab Emirates","MAF",421142267937.65,36034241769,227246482823,12840493265866.5,0.0176976443285931
"5","ARG","Health sector spending",0,"Argentina","LAM",449663446954.073,8245275989,450250574901,14974137462859.5,0.0300685482564696
"6","ARM","Health sector spending",0,"Armenia","REF",13672802157.8324,289848041,76705918189,6563326700996.78,0.01168704860865
"7","AUS","Health sector spending",6963402947,"Australia","OECD-Oceania",1392680589329.14,43091703340,2354861587364,20067570526404.8,0.117346620721501
"8","AUT","Health sector spending",4.36e+09,"Austria","OECD-Europe",446314739528.47,489451356261,4428601093859,107510223514284,0.0411923717493771
"9","AZE","Health sector spending",67266706,"Azerbaijan","REF",48047647058.8235,289848041,76705918189,6563326700996.78,0.01168704860865
"10","BDI","Health sector spending",0,"Burundi","MAF",3012334881.64057,36034241769,227246482823,12840493265866.5,0.0176976443285931
"11","BEL","Health sector spending",0,"Belgium","OECD-Europe",529606710418.038,489451356261,4428601093859,107510223514284,0.0411923717493771
"12","BEN","Health sector spending",1.08e+08,"Benin","MAF",14390709094.9386,36034241769,227246482823,12840493265866.5,0.0176976443285931
"13","BGD","Health sector spending",1.02e+08,"Bangladesh","ASIA",302571254131.135,29572892684,1455991973589,69510348699489,0.0209464058349588
"14","BGR","Health sector spending",0,"Bulgaria","OECD-Europe",67927179736.6915,489451356261,4428601093859,107510223514284,0.0411923717493771
"15","BHR","Health sector spending",0,"Bahrain","MAF",38574069148.9362,36034241769,227246482823,12840493265866.5,0.0176976443285931
"16","BHS","Health sector spending",1.5e+07,"Bahamas","LAM",1.2827e+10,8245275989,450250574901,14974137462859.5,0.0300685482564696
"17","BIH","Health sector spending",0,"Bosnia and Herzegovina","OECD-Europe",20047848434.5487,489451356261,4428601093859,107510223514284,0.0411923717493771
"18","BLZ","Health sector spending",0,"Belize","LAM",1879613600,8245275989,450250574901,14974137462859.5,0.0300685482564696
"19","BOL","Health sector spending",2e+08,"Bolivia","LAM",40895322865.4124,8245275989,450250574901,14974137462859.5,0.0300685482564696
"20","BRA","Health sector spending",0,"Brazil","LAM",1839758040765.62,8245275989,450250574901,14974137462859.5,0.0300685482564696
"21","BRB","Health sector spending",0,"Barbados","LAM",5.209e+09,8245275989,450250574901,14974137462859.5,0.0300685482564696
"22","BTN","Health sector spending",2.8e+07,"Bhutan","ASIA",NA,29572892684,1455991973589,69510348699489,0.0209464058349588
"23","BWA","Health sector spending",0,"Botswana","MAF",18340510789.4272,36034241769,227246482823,12840493265866.5,0.0176976443285931
"24","CAF","Health sector spending",42185840,"Central African Republic","MAF",2220307368.69593,36034241769,227246482823,12840493265866.5,0.0176976443285931
"25","CAN","Health sector spending",15627830666,"Canada","North America",1736425629519.96,223927830666,3193763844428,69492376888559.9,0.0459584775686924
"26","CHE","Health sector spending",0,"Switzerland","OECD-Europe",703082435360.117,489451356261,4428601093859,107510223514284,0.0411923717493771
"27","CHL","Health sector spending",0,"Chile","LAM",282318159744.65,8245275989,450250574901,14974137462859.5,0.0300685482564696
"28","CHN","Health sector spending",0,"China","ASIA",14342902842915.9,29572892684,1455991973589,69510348699489,0.0209464058349588
"29","CIV","Health sector spending",176376617,"Cote d'Ivoire","MAF",58792205642.1538,36034241769,227246482823,12840493265866.5,0.0176976443285931
"30","CMR","Health sector spending",1.01e+08,"Cameroon","MAF",38760467033.389,36034241769,227246482823,12840493265866.5,0.0176976443285931
"31","COD","Health sector spending",0,"Democratic Republic of the Congo","MAF",47319624204.0938,36034241769,227246482823,12840493265866.5,0.0176976443285931
"32","COG","Health sector spending",1400000,"Congo","MAF",10820591130.7349,36034241769,227246482823,12840493265866.5,0.0176976443285931
"33","COL","Health sector spending",1.9e+09,"Colombia","LAM",323802808108.246,8245275989,450250574901,14974137462859.5,0.0300685482564696
"34","CPV","Health sector spending",0,"Cape Verde","MAF",1981845740.70615,36034241769,227246482823,12840493265866.5,0.0176976443285931
"35","CRI","Health sector spending",0,"Costa Rica","LAM",61773944173.6736,8245275989,450250574901,14974137462859.5,0.0300685482564696
"36","CYP","Health sector spending",1.09e+08,"Cyprus","OECD-Europe",24564647934.6244,489451356261,4428601093859,107510223514284,0.0411923717493771
"37","CZE","Health sector spending",0,"Czech Republic","OECD-Europe",246489245494.882,489451356261,4428601093859,107510223514284,0.0411923717493771
"38","DEU","Health sector spending",2.5e+10,"Germany","OECD-Europe",3845630030823.52,489451356261,4428601093859,107510223514284,0.0411923717493771
"39","DJI","Health sector spending",0,"Djibouti","MAF",3318716359.44182,36034241769,227246482823,12840493265866.5,0.0176976443285931
"40","DNK","Health sector spending",0,"Denmark","OECD-Europe",348078018463.905,489451356261,4428601093859,107510223514284,0.0411923717493771
"41","DOM","Health sector spending",1333064220,"Dominican Republic","LAM",88941298257.7215,8245275989,450250574901,14974137462859.5,0.0300685482564696
"42","DZA","Health sector spending",225896600,"Algeria","MAF",169988236398.126,36034241769,227246482823,12840493265866.5,0.0176976443285931
"43","ECU","Health sector spending",0,"Ecuador","LAM",107435665000,8245275989,450250574901,14974137462859.5,0.0300685482564696
"44","EGY","Health sector spending",507614213,"Egypt","MAF",303175127597.521,36034241769,227246482823,12840493265866.5,0.0176976443285931
"45","ESP","Health sector spending",9456521739,"Spain","OECD-Europe",1394116310768.63,489451356261,4428601093859,107510223514284,0.0411923717493771
"46","EST","Health sector spending",231521739,"Estonia","OECD-Europe",31386949981.236,489451356261,4428601093859,107510223514284,0.0411923717493771
"47","ETH","Health sector spending",5.84e+08,"Ethiopia","MAF",96107662398.1749,36034241769,227246482823,12840493265866.5,0.0176976443285931
"48","EU","Health sector spending",3.02802e+11,"European Union","OECD-Europe",1.55e+13,489451356261,4428601093859,107510223514284,0.0411923717493771
"49","FIN","Health sector spending",1092391304,"Finland","OECD-Europe",268761201364.705,489451356261,4428601093859,107510223514284,0.0411923717493771
"50","FJI","Health sector spending",479068895,"Fiji","OECD-Oceania",5535548972.41252,43091703340,2354861587364,20067570526404.8,0.117346620721501
"51","FRA","Health sector spending",73369565217,"France","OECD-Europe",2715518274227.45,489451356261,4428601093859,107510223514284,0.0411923717493771
"52","GAB","Health sector spending",118100000,"Gabon","MAF",16657960228.0892,36034241769,227246482823,12840493265866.5,0.0176976443285931
"53","GBR","Health sector spending",64707083574,"United Kingdom","OECD-Europe",2827113184695.58,489451356261,4428601093859,107510223514284,0.0411923717493771
"54","GEO","Health sector spending",206581335,"Georgia","REF",17743195770.1998,289848041,76705918189,6563326700996.78,0.01168704860865
"55","GHA","Health sector spending",2441780610,"Ghana","MAF",66983634223.943,36034241769,227246482823,12840493265866.5,0.0176976443285931
"56","GMB","Health sector spending",19383926,"Gambia","MAF",1763819047.69838,36034241769,227246482823,12840493265866.5,0.0176976443285931
"57","GNB","Health sector spending",5400000,"Guinea-Bissau","MAF",1340389410.76003,36034241769,227246482823,12840493265866.5,0.0176976443285931
"58","GNQ","Health sector spending",110267749,"Equatorial Guinea","MAF",11026774945.3415,36034241769,227246482823,12840493265866.5,0.0176976443285931
"59","GRC","Health sector spending",0,"Greece","OECD-Europe",209852761468.681,489451356261,4428601093859,107510223514284,0.0411923717493771
"60","GTM","Health sector spending",153420772,"Guatemala","LAM",76710385879.6627,8245275989,450250574901,14974137462859.5,0.0300685482564696
"61","HKG","Health sector spending",3827262869,"Hong Kong","ASIA",366029556273.051,29572892684,1455991973589,69510348699489,0.0209464058349588
"62","HND","Health sector spending",250953955,"Honduras","LAM",25095395475.0393,8245275989,450250574901,14974137462859.5,0.0300685482564696
"63","HTI","Health sector spending",195476582,"Haiti","LAM",8498981820.87012,8245275989,450250574901,14974137462859.5,0.0300685482564696
"64","HUN","Health sector spending",906696602,"Hungary","OECD-Europe",160967157503.612,489451356261,4428601093859,107510223514284,0.0411923717493771
"65","IDN","Health sector spending",0,"Indonesia","ASIA",1119190780752.8,29572892684,1455991973589,69510348699489,0.0209464058349588
"66","IND","Health sector spending",2875142315,"India","ASIA",2875142314811.85,29572892684,1455991973589,69510348699489,0.0209464058349588
"67","IRL","Health sector spending",2173913043,"Ireland","OECD-Europe",388698711348.156,489451356261,4428601093859,107510223514284,0.0411923717493771
"68","IRN","Health sector spending",9.26e+09,"Iran","MAF",NA,36034241769,227246482823,12840493265866.5,0.0176976443285931
"69","IRQ","Health sector spending",4.3e+07,"Iraq","MAF",234094042938.917,36034241769,227246482823,12840493265866.5,0.0176976443285931
"70","ISL","Health sector spending",0,"Iceland","OECD-Europe",24188035738.7846,489451356261,4428601093859,107510223514284,0.0411923717493771
"71","ISR","Health sector spending",3063590565,"Israel","MAF",395098666121.616,36034241769,227246482823,12840493265866.5,0.0176976443285931
"72","ITA","Health sector spending",3586956522,"Italy","OECD-Europe",2001244392041.57,489451356261,4428601093859,107510223514284,0.0411923717493771
"73","JAM","Health sector spending",82290355,"Jamaica","LAM",16458071067.8176,8245275989,450250574901,14974137462859.5,0.0300685482564696
"74","JOR","Health sector spending",7.1e+07,"Jordan","MAF",43743661971.831,36034241769,227246482823,12840493265866.5,0.0176976443285931
"75","JPN","Health sector spending",25408847712,"Japan","OECD-Oceania",5081769542379.77,43091703340,2354861587364,20067570526404.8,0.117346620721501
"76","KAZ","Health sector spending",0,"Kazakhstan","REF",180161741180.147,289848041,76705918189,6563326700996.78,0.01168704860865
"77","KEN","Health sector spending",394860597,"Kenya","MAF",95503088538.092,36034241769,227246482823,12840493265866.5,0.0176976443285931
"78","KGZ","Health sector spending",1.6e+07,"Kyrgyzstan","REF",8454619607.81795,289848041,76705918189,6563326700996.78,0.01168704860865
"79","KHM","Health sector spending",6e+07,"Cambodia","ASIA",27089389786.9684,29572892684,1455991973589,69510348699489,0.0209464058349588
"80","KOR","Health sector spending",4270786006,"South Korea","ASIA",1642383217167.26,29572892684,1455991973589,69510348699489,0.0209464058349588
"81","KWT","Health sector spending",1.6e+09,"Kuwait","MAF",134761198945.982,36034241769,227246482823,12840493265866.5,0.0176976443285931
"82","LAO","Health sector spending",6358638,"Lao People's Democratic Republic","ASIA",18173839128.2699,29572892684,1455991973589,69510348699489,0.0209464058349588
"83","LBN","Health sector spending",0,"Lebanon","MAF",53367042272.1725,36034241769,227246482823,12840493265866.5,0.0176976443285931
"84","LBY","Health sector spending",0,"Libyan Arab Jamahiriya","MAF",52076250947.5792,36034241769,227246482823,12840493265866.5,0.0176976443285931
"85","LKA","Health sector spending",89008784,"Sri Lanka","ASIA",84008783756.068,29572892684,1455991973589,69510348699489,0.0209464058349588
"86","LSO","Health sector spending",52866453,"Lesotho","MAF",2460072443.62842,36034241769,227246482823,12840493265866.5,0.0176976443285931
"87","LTU","Health sector spending",543478261,"Lithuania","OECD-Europe",54219315600.0854,489451356261,4428601093859,107510223514284,0.0411923717493771
"88","LUX","Health sector spending",210869565,"Luxembourg","OECD-Europe",71104919108.1411,489451356261,4428601093859,107510223514284,0.0411923717493771
"89","LVA","Health sector spending",0,"Latvia","OECD-Europe",34117202555.0666,489451356261,4428601093859,107510223514284,0.0411923717493771
"90","MAC","Health sector spending",49550899,"Macao","ASIA",53859116535.5306,29572892684,1455991973589,69510348699489,0.0209464058349588
"91","MAR","Health sector spending",3561758388,"Morocco","MAF",118725279596.13,36034241769,227246482823,12840493265866.5,0.0176976443285931
"92","MDV","Health sector spending",0,"Maldives","ASIA",5729248472.24028,29572892684,1455991973589,69510348699489,0.0209464058349588
"93","MEX","Health sector spending",2516573434,"Mexico","LAM",1258286717124.53,8245275989,450250574901,14974137462859.5,0.0300685482564696
"94","MLI","Health sector spending",0,"Mali","MAF",17510141171.3403,36034241769,227246482823,12840493265866.5,0.0176976443285931
"95","MLT","Health sector spending",147065217,"Malta","OECD-Europe",14786156563.3046,489451356261,4428601093859,107510223514284,0.0411923717493771
"96","MMR","Health sector spending",2e+05,"Myanmar","ASIA",76085852617.1371,29572892684,1455991973589,69510348699489,0.0209464058349588
"97","MNE","Health sector spending",543478,"Montenegro","OECD-Europe",5494736901.03,489451356261,4428601093859,107510223514284,0.0411923717493771
"98","MNG","Health sector spending",6875676,"Mongolia","ASIA",13852850259.4854,29572892684,1455991973589,69510348699489,0.0209464058349588
"99","MOZ","Health sector spending",54702593,"Mozambique","MAF",14934159925.5234,36034241769,227246482823,12840493265866.5,0.0176976443285931
"100","MRT","Health sector spending",2.1e+08,"Mauritania","MAF",7593752450.2055,36034241769,227246482823,12840493265866.5,0.0176976443285931
"101","MUS","Health sector spending",42994656,"Mauritius","MAF",14180444557.2047,36034241769,227246482823,12840493265866.5,0.0176976443285931
"102","MWI","Health sector spending",0,"Malawi","MAF",7666704427.00915,36034241769,227246482823,12840493265866.5,0.0176976443285931
"103","MYS","Health sector spending",0,"Malaysia","ASIA",364701517787.844,29572892684,1455991973589,69510348699489,0.0209464058349588
"104","NAM","Health sector spending",166239209,"Namibia","MAF",12366527719.3322,36034241769,227246482823,12840493265866.5,0.0176976443285931
"105","NER","Health sector spending",0,"Niger","MAF",12928145120.0296,36034241769,227246482823,12840493265866.5,0.0176976443285931
"106","NGA","Health sector spending",48700000,"Nigeria","MAF",448120428858.769,36034241769,227246482823,12840493265866.5,0.0176976443285931
"107","NLD","Health sector spending",0,"Netherlands","OECD-Europe",909070395160.783,489451356261,4428601093859,107510223514284,0.0411923717493771
"108","NOR","Health sector spending",0,"Norway","OECD-Europe",403336363636.364,489451356261,4428601093859,107510223514284,0.0411923717493771
"109","NZL","Health sector spending",10240383786,"New Zealand","OECD-Oceania",206928765543.935,43091703340,2354861587364,20067570526404.8,0.117346620721501
"110","PAK","Health sector spending",1149198194,"Pakistan","ASIA",278221906022.841,29572892684,1455991973589,69510348699489,0.0209464058349588
"111","PAN","Health sector spending",133700000,"Panama","LAM",66800800000,8245275989,450250574901,14974137462859.5,0.0300685482564696
"112","PER","Health sector spending",912796671,"Peru","LAM",226848050819.525,8245275989,450250574901,14974137462859.5,0.0300685482564696
"113","PHL","Health sector spending",1025418414,"Philippines","ASIA",376795508679.676,29572892684,1455991973589,69510348699489,0.0209464058349588
"114","PNG","Health sector spending",0,"Papua New Guinea","ASIA",24969611434.7684,29572892684,1455991973589,69510348699489,0.0209464058349588
"115","POL","Health sector spending",0,"Poland","OECD-Europe",592164400687.607,489451356261,4428601093859,107510223514284,0.0411923717493771
"116","PRT","Health sector spending",0,"Portugal","OECD-Europe",237686075634.698,489451356261,4428601093859,107510223514284,0.0411923717493771
"117","PRY","Health sector spending",5e+08,"Paraguay","LAM",38145288939.8488,8245275989,450250574901,14974137462859.5,0.0300685482564696
"118","QAT","Health sector spending",0,"Qatar","MAF",183466208791.209,36034241769,227246482823,12840493265866.5,0.0176976443285931
"119","ROU","Health sector spending",0,"Romania","OECD-Europe",250077444017.084,489451356261,4428601093859,107510223514284,0.0411923717493771
"120","RUS","Health sector spending",0,"Russia","REF",1699876578871.35,289848041,76705918189,6563326700996.78,0.01168704860865
"121","RWA","Health sector spending",0,"Rwanda","MAF",10122472590.172,36034241769,227246482823,12840493265866.5,0.0176976443285931
"122","SAU","Health sector spending",12533333333,"Saudi Arabia","MAF",792966838161.659,36034241769,227246482823,12840493265866.5,0.0176976443285931
"123","SEN","Health sector spending",117890420,"Senegal","MAF",23578084052.0147,36034241769,227246482823,12840493265866.5,0.0176976443285931
"124","SGP","Health sector spending",0,"Singapore","ASIA",372062527488.638,29572892684,1455991973589,69510348699489,0.0209464058349588
"125","SLB","Health sector spending",0,"Solomon Islands","OECD-Oceania",1425074225.77798,43091703340,2354861587364,20067570526404.8,0.117346620721501
"126","SLE","Health sector spending",0,"Sierra Leone","MAF",3941474310.76913,36034241769,227246482823,12840493265866.5,0.0176976443285931
"127","SRB","Health sector spending",7.3e+08,"Serbia","OECD-Europe",51409167350.7548,489451356261,4428601093859,107510223514284,0.0411923717493771
"128","SUR","Health sector spending",5.2e+07,"Suriname","LAM",3985250737.46313,8245275989,450250574901,14974137462859.5,0.0300685482564696
"129","SVK","Health sector spending",0,"Slovakia","OECD-Europe",105422304975.576,489451356261,4428601093859,107510223514284,0.0411923717493771
"130","SVN","Health sector spending",0,"Slovenia","OECD-Europe",53742159516.9278,489451356261,4428601093859,107510223514284,0.0411923717493771
"131","SWE","Health sector spending",0,"Sweden","OECD-Europe",530832908737.862,489451356261,4428601093859,107510223514284,0.0411923717493771
"132","SWZ","Health sector spending",3.6e+07,"Swaziland","MAF",4405405802.44294,36034241769,227246482823,12840493265866.5,0.0176976443285931
"133","TCD","Health sector spending",75600000,"Chad","MAF",11314951342.7807,36034241769,227246482823,12840493265866.5,0.0176976443285931
"134","TGO","Health sector spending",1.03e+08,"Togo","MAF",5459979416.66908,36034241769,227246482823,12840493265866.5,0.0176976443285931
"135","THA","Health sector spending",1.6e+10,"Thailand","ASIA",543649976165.63,29572892684,1455991973589,69510348699489,0.0209464058349588
"136","TJK","Health sector spending",0,"Tajikistan","REF",8116626794.25837,289848041,76705918189,6563326700996.78,0.01168704860865
"137","TLS","Health sector spending",0,"East Timor","ASIA",1673540300,29572892684,1455991973589,69510348699489,0.0209464058349588
"138","TUN","Health sector spending",3.6e+07,"Tunisia","MAF",38797709923.6641,36034241769,227246482823,12840493265866.5,0.0176976443285931
"139","TUR","Health sector spending",0,"Turkey","OECD-Europe",754411708202.616,489451356261,4428601093859,107510223514284,0.0411923717493771
"140","TZA","Health sector spending",0,"Tanzania","MAF",63177068174.549,36034241769,227246482823,12840493265866.5,0.0176976443285931
"141","UGA","Health sector spending",1300000,"Uganda","MAF",34387229486.4008,36034241769,227246482823,12840493265866.5,0.0176976443285931
"142","UKR","Health sector spending",0,"Ukraine","REF",153781069118.148,289848041,76705918189,6563326700996.78,0.01168704860865
"143","URY","Health sector spending",0,"Uruguay","LAM",56045912952.342,8245275989,450250574901,14974137462859.5,0.0300685482564696
"144","USA","Health sector spending",2.083e+11,"United States of America","North America",2.14277e+13,223927830666,3193763844428,69492376888559.9,0.0459584775686924
"145","UZB","Health sector spending",0,"Uzbekistan","REF",57921286440.3495,289848041,76705918189,6563326700996.78,0.01168704860865
"146","VNM","Health sector spending",0,"Vietnam","ASIA",261921244843.172,29572892684,1455991973589,69510348699489,0.0209464058349588
"147","WSM","Health sector spending",0,"Samoa","OECD-Oceania",850655017.220488,43091703340,2354861587364,20067570526404.8,0.117346620721501
"148","ZMB","Health sector spending",0,"Zambia","MAF",23064722446.3513,36034241769,227246482823,12840493265866.5,0.0176976443285931
"149","AFG","General spending",553939261,"Afghanistan","ASIA",19101353832.7371,1215720205370,1455991973589,69510348699489,0.0209464058349588
"150","AGO","General spending",0,"Angola","MAF",94635415869.9851,134843484392,227246482823,12840493265866.5,0.0176976443285931
"151","ALB","General spending",148532500,"Albania","OECD-Europe",15278077446.8643,1833309065143,4428601093859,107510223514284,0.0411923717493771
"152","ARE","General spending",7.2e+09,"United Arab Emirates","MAF",421142267937.65,134843484392,227246482823,12840493265866.5,0.0176976443285931
"153","ARG","General spending",26979806817,"Argentina","LAM",449663446954.073,424309700057,450250574901,14974137462859.5,0.0300685482564696
"154","ARM","General spending",137900000,"Armenia","REF",13672802157.8324,70874984969,76705918189,6563326700996.78,0.01168704860865
"155","AUS","General spending",158765587183,"Australia","OECD-Oceania",1392680589329.14,2307549185301,2354861587364,20067570526404.8,0.117346620721501
"156","AUT","General spending",43850916139,"Austria","OECD-Europe",446314739528.47,1833309065143,4428601093859,107510223514284,0.0411923717493771
"157","AZE","General spending",1969953529,"Azerbaijan","REF",48047647058.8235,70874984969,76705918189,6563326700996.78,0.01168704860865
"158","BDI","General spending",1.2e+10,"Burundi","MAF",3012334881.64057,134843484392,227246482823,12840493265866.5,0.0176976443285931
"159","BEL","General spending",18006628154,"Belgium","OECD-Europe",529606710418.038,1833309065143,4428601093859,107510223514284,0.0411923717493771
"160","BEN","General spending",1.62e+08,"Benin","MAF",14390709094.9386,134843484392,227246482823,12840493265866.5,0.0176976443285931
"161","BGD","General spending",1666800000,"Bangladesh","ASIA",302571254131.135,1215720205370,1455991973589,69510348699489,0.0209464058349588
"162","BGR","General spending",4807600000,"Bulgaria","OECD-Europe",67927179736.6915,1833309065143,4428601093859,107510223514284,0.0411923717493771
"163","BHR","General spending",1620110904,"Bahrain","MAF",38574069148.9362,134843484392,227246482823,12840493265866.5,0.0176976443285931
"164","BHS","General spending",1.2166e+11,"Bahamas","LAM",1.2827e+10,424309700057,450250574901,14974137462859.5,0.0300685482564696
"165","BIH","General spending",729741683,"Bosnia and Herzegovina","OECD-Europe",20047848434.5487,1833309065143,4428601093859,107510223514284,0.0411923717493771
"166","BLZ","General spending",18796136,"Belize","LAM",1879613600,424309700057,450250574901,14974137462859.5,0.0300685482564696
"167","BOL","General spending",7.29e+08,"Bolivia","LAM",40895322865.4124,424309700057,450250574901,14974137462859.5,0.0300685482564696
"168","BRA","General spending",211572174688,"Brazil","LAM",1839758040765.62,424309700057,450250574901,14974137462859.5,0.0300685482564696
"169","BRB","General spending",52090000,"Barbados","LAM",5.209e+09,424309700057,450250574901,14974137462859.5,0.0300685482564696
"170","BTN","General spending",5.6e+07,"Bhutan","ASIA",NA,1215720205370,1455991973589,69510348699489,0.0209464058349588
"171","BWA","General spending",201745619,"Botswana","MAF",18340510789.4272,134843484392,227246482823,12840493265866.5,0.0176976443285931
"172","CAF","General spending",2.7e+07,"Central African Republic","MAF",2220307368.69593,134843484392,227246482823,12840493265866.5,0.0176976443285931
"173","CAN","General spending",244836013762,"Canada","North America",1736425629519.96,1727836013762,3193763844428,69492376888559.9,0.0459584775686924
"174","CHE","General spending",95069800000,"Switzerland","OECD-Europe",703082435360.117,1833309065143,4428601093859,107510223514284,0.0411923717493771
"175","CHL","General spending",2.885e+10,"Chile","LAM",282318159744.65,424309700057,450250574901,14974137462859.5,0.0300685482564696
"176","CHN","General spending",6.9e+11,"China","ASIA",14342902842915.9,1215720205370,1455991973589,69510348699489,0.0209464058349588
"177","CIV","General spending",1352220730,"Cote d'Ivoire","MAF",58792205642.1538,134843484392,227246482823,12840493265866.5,0.0176976443285931
"178","CMR","General spending",9.24e+08,"Cameroon","MAF",38760467033.389,134843484392,227246482823,12840493265866.5,0.0176976443285931
"179","COD","General spending",141958873,"Democratic Republic of the Congo","MAF",47319624204.0938,134843484392,227246482823,12840493265866.5,0.0176976443285931
"180","COG","General spending",1.82e+08,"Congo","MAF",10820591130.7349,134843484392,227246482823,12840493265866.5,0.0176976443285931
"181","COL","General spending",2e+09,"Colombia","LAM",323802808108.246,424309700057,450250574901,14974137462859.5,0.0300685482564696
"182","CPV","General spending",2480840000,"Cape Verde","MAF",1981845740.70615,134843484392,227246482823,12840493265866.5,0.0176976443285931
"183","CRI","General spending",297847817,"Costa Rica","LAM",61773944173.6736,424309700057,450250574901,14974137462859.5,0.0300685482564696
"184","CYP","General spending",870910000,"Cyprus","OECD-Europe",24564647934.6244,1833309065143,4428601093859,107510223514284,0.0411923717493771
"185","CZE","General spending",3.13e+10,"Czech Republic","OECD-Europe",246489245494.882,1833309065143,4428601093859,107510223514284,0.0411923717493771
"186","DEU","General spending",441304347826,"Germany","OECD-Europe",3845630030823.52,1833309065143,4428601093859,107510223514284,0.0411923717493771
"187","DJI","General spending",79649193,"Djibouti","MAF",3318716359.44182,134843484392,227246482823,12840493265866.5,0.0176976443285931
"188","DNK","General spending",20790623176,"Denmark","OECD-Europe",348078018463.905,1833309065143,4428601093859,107510223514284,0.0411923717493771
"189","DOM","General spending",3654166471,"Dominican Republic","LAM",88941298257.7215,424309700057,450250574901,14974137462859.5,0.0300685482564696
"190","DZA","General spending",387362211,"Algeria","MAF",169988236398.126,134843484392,227246482823,12840493265866.5,0.0176976443285931
"191","ECU","General spending",0,"Ecuador","LAM",107435665000,424309700057,450250574901,14974137462859.5,0.0300685482564696
"192","EGY","General spending",5495482234,"Egypt","MAF",303175127597.521,134843484392,227246482823,12840493265866.5,0.0176976443285931
"193","ESP","General spending",31354347826,"Spain","OECD-Europe",1394116310768.63,1833309065143,4428601093859,107510223514284,0.0411923717493771
"194","EST","General spending",307608696,"Estonia","OECD-Europe",31386949981.236,1833309065143,4428601093859,107510223514284,0.0411923717493771
"195","ETH","General spending",1.298e+09,"Ethiopia","MAF",96107662398.1749,134843484392,227246482823,12840493265866.5,0.0176976443285931
"196","EU","General spending",5.36062e+11,"European Union","OECD-Europe",1.55e+13,1833309065143,4428601093859,107510223514284,0.0411923717493771
"197","FIN","General spending",14658695652,"Finland","OECD-Europe",268761201364.705,1833309065143,4428601093859,107510223514284,0.0411923717493771
"198","FJI","General spending",268278582,"Fiji","OECD-Oceania",5535548972.41252,2307549185301,2354861587364,20067570526404.8,0.117346620721501
"199","FRA","General spending",73369565217,"France","OECD-Europe",2715518274227.45,1833309065143,4428601093859,107510223514284,0.0411923717493771
"200","GAB","General spending",569100000,"Gabon","MAF",16657960228.0892,134843484392,227246482823,12840493265866.5,0.0176976443285931
"201","GBR","General spending",49564291851,"United Kingdom","OECD-Europe",2827113184695.58,1833309065143,4428601093859,107510223514284,0.0411923717493771
"202","GEO","General spending",1063884012,"Georgia","REF",17743195770.1998,70874984969,76705918189,6563326700996.78,0.01168704860865
"203","GHA","General spending",610429027,"Ghana","MAF",66983634223.943,134843484392,227246482823,12840493265866.5,0.0176976443285931
"204","GMB","General spending",54400116,"Gambia","MAF",1763819047.69838,134843484392,227246482823,12840493265866.5,0.0176976443285931
"205","GNB","General spending",1e+06,"Guinea-Bissau","MAF",1340389410.76003,134843484392,227246482823,12840493265866.5,0.0176976443285931
"206","GNQ","General spending",110267750,"Equatorial Guinea","MAF",11026774945.3415,134843484392,227246482823,12840493265866.5,0.0176976443285931
"207","GRC","General spending",26086956522,"Greece","OECD-Europe",209852761468.681,1833309065143,4428601093859,107510223514284,0.0411923717493771
"208","GTM","General spending",2301311576,"Guatemala","LAM",76710385879.6627,424309700057,450250574901,14974137462859.5,0.0300685482564696
"209","HKG","General spending",32850672961,"Hong Kong","ASIA",366029556273.051,1215720205370,1455991973589,69510348699489,0.0209464058349588
"210","HND","General spending",426621723,"Honduras","LAM",25095395475.0393,424309700057,450250574901,14974137462859.5,0.0300685482564696
"211","HTI","General spending",127484727,"Haiti","LAM",8498981820.87012,424309700057,450250574901,14974137462859.5,0.0300685482564696
"212","HUN","General spending",2221036595,"Hungary","OECD-Europe",160967157503.612,1833309065143,4428601093859,107510223514284,0.0411923717493771
"213","IDN","General spending",49244394353,"Indonesia","ASIA",1119190780752.8,1215720205370,1455991973589,69510348699489,0.0209464058349588
"214","IND","General spending",57502846296,"India","ASIA",2875142314811.85,1215720205370,1455991973589,69510348699489,0.0209464058349588
"215","IRL","General spending",30326086957,"Ireland","OECD-Europe",388698711348.156,1833309065143,4428601093859,107510223514284,0.0411923717493771
"216","IRN","General spending",2.9169e+10,"Iran","MAF",NA,134843484392,227246482823,12840493265866.5,0.0176976443285931
"217","IRQ","General spending",3.16e+08,"Iraq","MAF",234094042938.917,134843484392,227246482823,12840493265866.5,0.0176976443285931
"218","ISL","General spending",2.03e+09,"Iceland","OECD-Europe",24188035738.7846,1833309065143,4428601093859,107510223514284,0.0411923717493771
"219","ISR","General spending",23595217513,"Israel","MAF",395098666121.616,134843484392,227246482823,12840493265866.5,0.0176976443285931
"220","ITA","General spending",73369565217,"Italy","OECD-Europe",2001244392041.57,1833309065143,4428601093859,107510223514284,0.0411923717493771
"221","JAM","General spending",674780914,"Jamaica","LAM",16458071067.8176,424309700057,450250574901,14974137462859.5,0.0300685482564696
"222","JOR","General spending",1.37e+08,"Jordan","MAF",43743661971.831,134843484392,227246482823,12840493265866.5,0.0176976443285931
"223","JPN","General spending",2119197899172,"Japan","OECD-Oceania",5081769542379.77,2307549185301,2354861587364,20067570526404.8,0.117346620721501
"224","KAZ","General spending",5221843746,"Kazakhstan","REF",180161741180.147,70874984969,76705918189,6563326700996.78,0.01168704860865
"225","KEN","General spending",558727745,"Kenya","MAF",95503088538.092,134843484392,227246482823,12840493265866.5,0.0176976443285931
"226","KGZ","General spending",3.07e+08,"Kyrgyzstan","REF",8454619607.81795,70874984969,76705918189,6563326700996.78,0.01168704860865
"227","KHM","General spending",1.564e+09,"Cambodia","ASIA",27089389786.9684,1215720205370,1455991973589,69510348699489,0.0209464058349588
"228","KOR","General spending",190277146752,"South Korea","ASIA",1642383217167.26,1215720205370,1455991973589,69510348699489,0.0209464058349588
"229","KWT","General spending",0,"Kuwait","MAF",134761198945.982,134843484392,227246482823,12840493265866.5,0.0176976443285931
"230","LAO","General spending",12133006,"Lao People's Democratic Republic","ASIA",18173839128.2699,1215720205370,1455991973589,69510348699489,0.0209464058349588
"231","LBN","General spending",1089019900,"Lebanon","MAF",53367042272.1725,134843484392,227246482823,12840493265866.5,0.0176976443285931
"232","LBY","General spending",620527974,"Libyan Arab Jamahiriya","MAF",52076250947.5792,134843484392,227246482823,12840493265866.5,0.0176976443285931
"233","LKA","General spending",210021959,"Sri Lanka","ASIA",84008783756.068,1215720205370,1455991973589,69510348699489,0.0209464058349588
"234","LSO","General spending",113285255,"Lesotho","MAF",2460072443.62842,134843484392,227246482823,12840493265866.5,0.0176976443285931
"235","LTU","General spending",9063586956,"Lithuania","OECD-Europe",54219315600.0854,1833309065143,4428601093859,107510223514284,0.0411923717493771
"236","LUX","General spending",10332608696,"Luxembourg","OECD-Europe",71104919108.1411,1833309065143,4428601093859,107510223514284,0.0411923717493771
"237","LVA","General spending",2391304348,"Latvia","OECD-Europe",34117202555.0666,1833309065143,4428601093859,107510223514284,0.0411923717493771
"238","MAC","General spending",8041739282,"Macao","ASIA",53859116535.5306,1215720205370,1455991973589,69510348699489,0.0209464058349588
"239","MAR","General spending",0,"Morocco","MAF",118725279596.13,134843484392,227246482823,12840493265866.5,0.0176976443285931
"240","MDV","General spending",160418957,"Maldives","ASIA",5729248472.24028,1215720205370,1455991973589,69510348699489,0.0209464058349588
"241","MEX","General spending",9854792556,"Mexico","LAM",1258286717124.53,424309700057,450250574901,14974137462859.5,0.0300685482564696
"242","MLI","General spending",87550706,"Mali","MAF",17510141171.3403,134843484392,227246482823,12840493265866.5,0.0176976443285931
"243","MLT","General spending",1404891305,"Malta","OECD-Europe",14786156563.3046,1833309065143,4428601093859,107510223514284,0.0411923717493771
"244","MMR","General spending",392076995,"Myanmar","ASIA",76085852617.1371,1215720205370,1455991973589,69510348699489,0.0209464058349588
"245","MNE","General spending",174673913,"Montenegro","OECD-Europe",5494736901.03,1833309065143,4428601093859,107510223514284,0.0411923717493771
"246","MNG","General spending",277057005,"Mongolia","ASIA",13852850259.4854,1215720205370,1455991973589,69510348699489,0.0209464058349588
"247","MOZ","General spending",7e+08,"Mozambique","MAF",14934159925.5234,134843484392,227246482823,12840493265866.5,0.0176976443285931
"248","MRT","General spending",8e+07,"Mauritania","MAF",7593752450.2055,134843484392,227246482823,12840493265866.5,0.0176976443285931
"249","MUS","General spending",430241244,"Mauritius","MAF",14180444557.2047,134843484392,227246482823,12840493265866.5,0.0176976443285931
"250","MWI","General spending",7e+07,"Malawi","MAF",7666704427.00915,134843484392,227246482823,12840493265866.5,0.0176976443285931
"251","MYS","General spending",15518706429,"Malaysia","ASIA",364701517787.844,1215720205370,1455991973589,69510348699489,0.0209464058349588
"252","NAM","General spending",264471470,"Namibia","MAF",12366527719.3322,134843484392,227246482823,12840493265866.5,0.0176976443285931
"253","NER","General spending",1254030077,"Niger","MAF",12928145120.0296,134843484392,227246482823,12840493265866.5,0.0176976443285931
"254","NGA","General spending",9637887002,"Nigeria","MAF",448120428858.769,134843484392,227246482823,12840493265866.5,0.0176976443285931
"255","NLD","General spending",69130434783,"Netherlands","OECD-Europe",909070395160.783,1833309065143,4428601093859,107510223514284,0.0411923717493771
"256","NOR","General spending",22183500000,"Norway","OECD-Europe",403336363636.364,1833309065143,4428601093859,107510223514284,0.0411923717493771
"257","NZL","General spending",29129740364,"New Zealand","OECD-Oceania",206928765543.935,2307549185301,2354861587364,20067570526404.8,0.117346620721501
"258","PAK","General spending",8122368666,"Pakistan","ASIA",278221906022.841,1215720205370,1455991973589,69510348699489,0.0209464058349588
"259","PAN","General spending",342500000,"Panama","LAM",66800800000,424309700057,450250574901,14974137462859.5,0.0300685482564696
"260","PER","General spending",13832326632,"Peru","LAM",226848050819.525,424309700057,450250574901,14974137462859.5,0.0300685482564696
"261","PHL","General spending",8005859324,"Philippines","ASIA",376795508679.676,1215720205370,1455991973589,69510348699489,0.0209464058349588
"262","PNG","General spending",1524838103,"Papua New Guinea","ASIA",24969611434.7684,1215720205370,1455991973589,69510348699489,0.0209464058349588
"263","POL","General spending",55528624348,"Poland","OECD-Europe",592164400687.607,1833309065143,4428601093859,107510223514284,0.0411923717493771
"264","PRT","General spending",9507443026,"Portugal","OECD-Europe",237686075634.698,1833309065143,4428601093859,107510223514284,0.0411923717493771
"265","PRY","General spending",4.45e+08,"Paraguay","LAM",38145288939.8488,424309700057,450250574901,14974137462859.5,0.0300685482564696
"266","QAT","General spending",2.06e+10,"Qatar","MAF",183466208791.209,134843484392,227246482823,12840493265866.5,0.0176976443285931
"267","ROU","General spending",5001548881,"Romania","OECD-Europe",250077444017.084,1833309065143,4428601093859,107510223514284,0.0411923717493771
"268","RUS","General spending",57795803682,"Russia","REF",1699876578871.35,70874984969,76705918189,6563326700996.78,0.01168704860865
"269","RWA","General spending",334041595,"Rwanda","MAF",10122472590.172,134843484392,227246482823,12840493265866.5,0.0176976443285931
"270","SAU","General spending",7538666667,"Saudi Arabia","MAF",792966838161.659,134843484392,227246482823,12840493265866.5,0.0176976443285931
"271","SEN","General spending",1172680587,"Senegal","MAF",23578084052.0147,134843484392,227246482823,12840493265866.5,0.0176976443285931
"272","SGP","General spending",74137686021,"Singapore","ASIA",372062527488.638,1215720205370,1455991973589,69510348699489,0.0209464058349588
"273","SLB","General spending",38280000,"Solomon Islands","OECD-Oceania",1425074225.77798,2307549185301,2354861587364,20067570526404.8,0.117346620721501
"274","SLE","General spending",0,"Sierra Leone","MAF",3941474310.76913,134843484392,227246482823,12840493265866.5,0.0176976443285931
"275","SRB","General spending",3420281833,"Serbia","OECD-Europe",51409167350.7548,1833309065143,4428601093859,107510223514284,0.0411923717493771
"276","SUR","General spending",9.1e+07,"Suriname","LAM",3985250737.46313,424309700057,450250574901,14974137462859.5,0.0300685482564696
"277","SVK","General spending",2391304348,"Slovakia","OECD-Europe",105422304975.576,1833309065143,4428601093859,107510223514284,0.0411923717493771
"278","SVN","General spending",5157608695,"Slovenia","OECD-Europe",53742159516.9278,1833309065143,4428601093859,107510223514284,0.0411923717493771
"279","SWE","General spending",5.7792e+10,"Sweden","OECD-Europe",530832908737.862,1833309065143,4428601093859,107510223514284,0.0411923717493771
"280","SWZ","General spending",39600000,"Swaziland","MAF",4405405802.44294,134843484392,227246482823,12840493265866.5,0.0176976443285931
"281","TCD","General spending",274770000,"Chad","MAF",11314951342.7807,134843484392,227246482823,12840493265866.5,0.0176976443285931
"282","TGO","General spending",2.6e+07,"Togo","MAF",5459979416.66908,134843484392,227246482823,12840493265866.5,0.0176976443285931
"283","THA","General spending",3.2e+10,"Thailand","ASIA",543649976165.63,1215720205370,1455991973589,69510348699489,0.0209464058349588
"284","TJK","General spending",0,"Tajikistan","REF",8116626794.25837,70874984969,76705918189,6563326700996.78,0.01168704860865
"285","TLS","General spending",1.5e+08,"East Timor","ASIA",1673540300,1215720205370,1455991973589,69510348699489,0.0209464058349588
"286","TUN","General spending",642600000,"Tunisia","MAF",38797709923.6641,134843484392,227246482823,12840493265866.5,0.0176976443285931
"287","TUR","General spending",8.36e+10,"Turkey","OECD-Europe",754411708202.616,1833309065143,4428601093859,107510223514284,0.0411923717493771
"288","TZA","General spending",416600000,"Tanzania","MAF",63177068174.549,134843484392,227246482823,12840493265866.5,0.0176976443285931
"289","UGA","General spending",3.7e+08,"Uganda","MAF",34387229486.4008,134843484392,227246482823,12840493265866.5,0.0176976443285931
"290","UKR","General spending",3378600000,"Ukraine","REF",153781069118.148,70874984969,76705918189,6563326700996.78,0.01168704860865
"291","URY","General spending",4e+08,"Uruguay","LAM",56045912952.342,424309700057,450250574901,14974137462859.5,0.0300685482564696
"292","USA","General spending",1.483e+12,"United States of America","North America",2.14277e+13,1727836013762,3193763844428,69492376888559.9,0.0459584775686924
"293","UZB","General spending",1e+09,"Uzbekistan","REF",57921286440.3495,70874984969,76705918189,6563326700996.78,0.01168704860865
"294","VNM","General spending",43451500000,"Vietnam","ASIA",261921244843.172,1215720205370,1455991973589,69510348699489,0.0209464058349588
"295","WSM","General spending",149400000,"Samoa","OECD-Oceania",850655017.220488,2307549185301,2354861587364,20067570526404.8,0.117346620721501
"296","ZMB","General spending",4.08e+08,"Zambia","MAF",23064722446.3513,134843484392,227246482823,12840493265866.5,0.0176976443285931
"297","AFG","Liquidity support",0,"Afghanistan","ASIA",19101353832.7371,210698875535,1455991973589,69510348699489,0.0209464058349588
"298","AGO","Liquidity support",0,"Angola","MAF",94635415869.9851,56368756662,227246482823,12840493265866.5,0.0176976443285931
"299","ALB","Liquidity support",2.47e+08,"Albania","OECD-Europe",15278077446.8643,2105840672455,4428601093859,107510223514284,0.0411923717493771
"300","ARE","Liquidity support",0,"United Arab Emirates","MAF",421142267937.65,56368756662,227246482823,12840493265866.5,0.0176976443285931
"301","ARG","Liquidity support",0,"Argentina","LAM",449663446954.073,17695598855,450250574901,14974137462859.5,0.0300685482564696
"302","ARM","Liquidity support",0,"Armenia","REF",13672802157.8324,5541085179,76705918189,6563326700996.78,0.01168704860865
"303","AUS","Liquidity support",0,"Australia","OECD-Oceania",1392680589329.14,4220698723,2354861587364,20067570526404.8,0.117346620721501
"304","AUT","Liquidity support",9.81e+09,"Austria","OECD-Europe",446314739528.47,2105840672455,4428601093859,107510223514284,0.0411923717493771
"305","AZE","Liquidity support",0,"Azerbaijan","REF",48047647058.8235,5541085179,76705918189,6563326700996.78,0.01168704860865
"306","BDI","Liquidity support",0,"Burundi","MAF",3012334881.64057,56368756662,227246482823,12840493265866.5,0.0176976443285931
"307","BEL","Liquidity support",63552805250,"Belgium","OECD-Europe",529606710418.038,2105840672455,4428601093859,107510223514284,0.0411923717493771
"308","BEN","Liquidity support",0,"Benin","MAF",14390709094.9386,56368756662,227246482823,12840493265866.5,0.0176976443285931
"309","BGD","Liquidity support",6.24e+09,"Bangladesh","ASIA",302571254131.135,210698875535,1455991973589,69510348699489,0.0209464058349588
"310","BGR","Liquidity support",0,"Bulgaria","OECD-Europe",67927179736.6915,2105840672455,4428601093859,107510223514284,0.0411923717493771
"311","BHR","Liquidity support",0,"Bahrain","MAF",38574069148.9362,56368756662,227246482823,12840493265866.5,0.0176976443285931
"312","BHS","Liquidity support",2.5e+07,"Bahamas","LAM",1.2827e+10,17695598855,450250574901,14974137462859.5,0.0300685482564696
"313","BIH","Liquidity support",0,"Bosnia and Herzegovina","OECD-Europe",20047848434.5487,2105840672455,4428601093859,107510223514284,0.0411923717493771
"314","BLZ","Liquidity support",0,"Belize","LAM",1879613600,17695598855,450250574901,14974137462859.5,0.0300685482564696
"315","BOL","Liquidity support",3302500000,"Bolivia","LAM",40895322865.4124,17695598855,450250574901,14974137462859.5,0.0300685482564696
"316","BRA","Liquidity support",0,"Brazil","LAM",1839758040765.62,17695598855,450250574901,14974137462859.5,0.0300685482564696
"317","BRB","Liquidity support",0,"Barbados","LAM",5.209e+09,17695598855,450250574901,14974137462859.5,0.0300685482564696
"318","BTN","Liquidity support",0,"Bhutan","ASIA",NA,210698875535,1455991973589,69510348699489,0.0209464058349588
"319","BWA","Liquidity support",0,"Botswana","MAF",18340510789.4272,56368756662,227246482823,12840493265866.5,0.0176976443285931
"320","CAF","Liquidity support",0,"Central African Republic","MAF",2220307368.69593,56368756662,227246482823,12840493265866.5,0.0176976443285931
"321","CAN","Liquidity support",0,"Canada","North America",1736425629519.96,1.242e+12,3193763844428,69492376888559.9,0.0459584775686924
"322","CHE","Liquidity support",46303200000,"Switzerland","OECD-Europe",703082435360.117,2105840672455,4428601093859,107510223514284,0.0411923717493771
"323","CHL","Liquidity support",0,"Chile","LAM",282318159744.65,17695598855,450250574901,14974137462859.5,0.0300685482564696
"324","CHN","Liquidity support",0,"China","ASIA",14342902842915.9,210698875535,1455991973589,69510348699489,0.0209464058349588
"325","CIV","Liquidity support",0,"Cote d'Ivoire","MAF",58792205642.1538,56368756662,227246482823,12840493265866.5,0.0176976443285931
"326","CMR","Liquidity support",0,"Cameroon","MAF",38760467033.389,56368756662,227246482823,12840493265866.5,0.0176976443285931
"327","COD","Liquidity support",0,"Democratic Republic of the Congo","MAF",47319624204.0938,56368756662,227246482823,12840493265866.5,0.0176976443285931
"328","COG","Liquidity support",0,"Congo","MAF",10820591130.7349,56368756662,227246482823,12840493265866.5,0.0176976443285931
"329","COL","Liquidity support",1e+09,"Colombia","LAM",323802808108.246,17695598855,450250574901,14974137462859.5,0.0300685482564696
"330","CPV","Liquidity support",27400000,"Cape Verde","MAF",1981845740.70615,56368756662,227246482823,12840493265866.5,0.0176976443285931
"331","CRI","Liquidity support",0,"Costa Rica","LAM",61773944173.6736,17695598855,450250574901,14974137462859.5,0.0300685482564696
"332","CYP","Liquidity support",0,"Cyprus","OECD-Europe",24564647934.6244,2105840672455,4428601093859,107510223514284,0.0411923717493771
"333","CZE","Liquidity support",22800255208,"Czech Republic","OECD-Europe",246489245494.882,2105840672455,4428601093859,107510223514284,0.0411923717493771
"334","DEU","Liquidity support",891304347826,"Germany","OECD-Europe",3845630030823.52,2105840672455,4428601093859,107510223514284,0.0411923717493771
"335","DJI","Liquidity support",0,"Djibouti","MAF",3318716359.44182,56368756662,227246482823,12840493265866.5,0.0176976443285931
"336","DNK","Liquidity support",17751978942,"Denmark","OECD-Europe",348078018463.905,2105840672455,4428601093859,107510223514284,0.0411923717493771
"337","DOM","Liquidity support",3720783986,"Dominican Republic","LAM",88941298257.7215,17695598855,450250574901,14974137462859.5,0.0300685482564696
"338","DZA","Liquidity support",0,"Algeria","MAF",169988236398.126,56368756662,227246482823,12840493265866.5,0.0176976443285931
"339","ECU","Liquidity support",5e+07,"Ecuador","LAM",107435665000,17695598855,450250574901,14974137462859.5,0.0300685482564696
"340","EGY","Liquidity support",126903553,"Egypt","MAF",303175127597.521,56368756662,227246482823,12840493265866.5,0.0176976443285931
"341","ESP","Liquidity support",54347826,"Spain","OECD-Europe",1394116310768.63,2105840672455,4428601093859,107510223514284,0.0411923717493771
"342","EST","Liquidity support",4369565217,"Estonia","OECD-Europe",31386949981.236,2105840672455,4428601093859,107510223514284,0.0411923717493771
"343","ETH","Liquidity support",0,"Ethiopia","MAF",96107662398.1749,56368756662,227246482823,12840493265866.5,0.0176976443285931
"344","EU","Liquidity support",5.2974e+11,"European Union","OECD-Europe",1.55e+13,2105840672455,4428601093859,107510223514284,0.0411923717493771
"345","FIN","Liquidity support",1826086957,"Finland","OECD-Europe",268761201364.705,2105840672455,4428601093859,107510223514284,0.0411923717493771
"346","FJI","Liquidity support",0,"Fiji","OECD-Oceania",5535548972.41252,4220698723,2354861587364,20067570526404.8,0.117346620721501
"347","FRA","Liquidity support",355434782609,"France","OECD-Europe",2715518274227.45,2105840672455,4428601093859,107510223514284,0.0411923717493771
"348","GAB","Liquidity support",0,"Gabon","MAF",16657960228.0892,56368756662,227246482823,12840493265866.5,0.0176976443285931
"349","GBR","Liquidity support",17611000065,"United Kingdom","OECD-Europe",2827113184695.58,2105840672455,4428601093859,107510223514284,0.0411923717493771
"350","GEO","Liquidity support",157846293,"Georgia","REF",17743195770.1998,5541085179,76705918189,6563326700996.78,0.01168704860865
"351","GHA","Liquidity support",2180161259,"Ghana","MAF",66983634223.943,56368756662,227246482823,12840493265866.5,0.0176976443285931
"352","GMB","Liquidity support",0,"Gambia","MAF",1763819047.69838,56368756662,227246482823,12840493265866.5,0.0176976443285931
"353","GNB","Liquidity support",0,"Guinea-Bissau","MAF",1340389410.76003,56368756662,227246482823,12840493265866.5,0.0176976443285931
"354","GNQ","Liquidity support",0,"Equatorial Guinea","MAF",11026774945.3415,56368756662,227246482823,12840493265866.5,0.0176976443285931
"355","GRC","Liquidity support",0,"Greece","OECD-Europe",209852761468.681,2105840672455,4428601093859,107510223514284,0.0411923717493771
"356","GTM","Liquidity support",0,"Guatemala","LAM",76710385879.6627,17695598855,450250574901,14974137462859.5,0.0300685482564696
"357","HKG","Liquidity support",0,"Hong Kong","ASIA",366029556273.051,210698875535,1455991973589,69510348699489,0.0209464058349588
"358","HND","Liquidity support",2.5e+09,"Honduras","LAM",25095395475.0393,17695598855,450250574901,14974137462859.5,0.0300685482564696
"359","HTI","Liquidity support",0,"Haiti","LAM",8498981820.87012,17695598855,450250574901,14974137462859.5,0.0300685482564696
"360","HUN","Liquidity support",5515305901,"Hungary","OECD-Europe",160967157503.612,2105840672455,4428601093859,107510223514284,0.0411923717493771
"361","IDN","Liquidity support",0,"Indonesia","ASIA",1119190780752.8,210698875535,1455991973589,69510348699489,0.0209464058349588
"362","IND","Liquidity support",140881973426,"India","ASIA",2875142314811.85,210698875535,1455991973589,69510348699489,0.0209464058349588
"363","IRL","Liquidity support",2173913043,"Ireland","OECD-Europe",388698711348.156,2105840672455,4428601093859,107510223514284,0.0411923717493771
"364","IRN","Liquidity support",2.0372e+10,"Iran","MAF",NA,56368756662,227246482823,12840493265866.5,0.0176976443285931
"365","IRQ","Liquidity support",0,"Iraq","MAF",234094042938.917,56368756662,227246482823,12840493265866.5,0.0176976443285931
"366","ISL","Liquidity support",0,"Iceland","OECD-Europe",24188035738.7846,2105840672455,4428601093859,107510223514284,0.0411923717493771
"367","ISR","Liquidity support",19774084554,"Israel","MAF",395098666121.616,56368756662,227246482823,12840493265866.5,0.0176976443285931
"368","ITA","Liquidity support",0,"Italy","OECD-Europe",2001244392041.57,2105840672455,4428601093859,107510223514284,0.0411923717493771
"369","JAM","Liquidity support",0,"Jamaica","LAM",16458071067.8176,17695598855,450250574901,14974137462859.5,0.0300685482564696
"370","JOR","Liquidity support",0,"Jordan","MAF",43743661971.831,56368756662,227246482823,12840493265866.5,0.0176976443285931
"371","JPN","Liquidity support",0,"Japan","OECD-Oceania",5081769542379.77,4220698723,2354861587364,20067570526404.8,0.117346620721501
"372","KAZ","Liquidity support",4641638886,"Kazakhstan","REF",180161741180.147,5541085179,76705918189,6563326700996.78,0.01168704860865
"373","KEN","Liquidity support",0,"Kenya","MAF",95503088538.092,56368756662,227246482823,12840493265866.5,0.0176976443285931
"374","KGZ","Liquidity support",5.4e+08,"Kyrgyzstan","REF",8454619607.81795,5541085179,76705918189,6563326700996.78,0.01168704860865
"375","KHM","Liquidity support",6e+08,"Cambodia","ASIA",27089389786.9684,210698875535,1455991973589,69510348699489,0.0209464058349588
"376","KOR","Liquidity support",0,"South Korea","ASIA",1642383217167.26,210698875535,1455991973589,69510348699489,0.0209464058349588
"377","KWT","Liquidity support",0,"Kuwait","MAF",134761198945.982,56368756662,227246482823,12840493265866.5,0.0176976443285931
"378","LAO","Liquidity support",0,"Lao People's Democratic Republic","ASIA",18173839128.2699,210698875535,1455991973589,69510348699489,0.0209464058349588
"379","LBN","Liquidity support",0,"Lebanon","MAF",53367042272.1725,56368756662,227246482823,12840493265866.5,0.0176976443285931
"380","LBY","Liquidity support",0,"Libyan Arab Jamahiriya","MAF",52076250947.5792,56368756662,227246482823,12840493265866.5,0.0176976443285931
"381","LKA","Liquidity support",0,"Sri Lanka","ASIA",84008783756.068,210698875535,1455991973589,69510348699489,0.0209464058349588
"382","LSO","Liquidity support",33985577,"Lesotho","MAF",2460072443.62842,56368756662,227246482823,12840493265866.5,0.0176976443285931
"383","LTU","Liquidity support",7934782609,"Lithuania","OECD-Europe",54219315600.0854,2105840672455,4428601093859,107510223514284,0.0411923717493771
"384","LUX","Liquidity support",4347826087,"Luxembourg","OECD-Europe",71104919108.1411,2105840672455,4428601093859,107510223514284,0.0411923717493771
"385","LVA","Liquidity support",13260869565,"Latvia","OECD-Europe",34117202555.0666,2105840672455,4428601093859,107510223514284,0.0411923717493771
"386","MAC","Liquidity support",335707341,"Macao","ASIA",53859116535.5306,210698875535,1455991973589,69510348699489,0.0209464058349588
"387","MAR","Liquidity support",12784859425,"Morocco","MAF",118725279596.13,56368756662,227246482823,12840493265866.5,0.0176976443285931
"388","MDV","Liquidity support",0,"Maldives","ASIA",5729248472.24028,210698875535,1455991973589,69510348699489,0.0209464058349588
"389","MEX","Liquidity support",2728074615,"Mexico","LAM",1258286717124.53,17695598855,450250574901,14974137462859.5,0.0300685482564696
"390","MLI","Liquidity support",0,"Mali","MAF",17510141171.3403,56368756662,227246482823,12840493265866.5,0.0176976443285931
"391","MLT","Liquidity support",0,"Malta","OECD-Europe",14786156563.3046,2105840672455,4428601093859,107510223514284,0.0411923717493771
"392","MMR","Liquidity support",139939462,"Myanmar","ASIA",76085852617.1371,210698875535,1455991973589,69510348699489,0.0209464058349588
"393","MNE","Liquidity support",130434783,"Montenegro","OECD-Europe",5494736901.03,2105840672455,4428601093859,107510223514284,0.0411923717493771
"394","MNG","Liquidity support",0,"Mongolia","ASIA",13852850259.4854,210698875535,1455991973589,69510348699489,0.0209464058349588
"395","MOZ","Liquidity support",0,"Mozambique","MAF",14934159925.5234,56368756662,227246482823,12840493265866.5,0.0176976443285931
"396","MRT","Liquidity support",1.3e+08,"Mauritania","MAF",7593752450.2055,56368756662,227246482823,12840493265866.5,0.0176976443285931
"397","MUS","Liquidity support",5893716,"Mauritius","MAF",14180444557.2047,56368756662,227246482823,12840493265866.5,0.0176976443285931
"398","MWI","Liquidity support",0,"Malawi","MAF",7666704427.00915,56368756662,227246482823,12840493265866.5,0.0176976443285931
"399","MYS","Liquidity support",12391174089,"Malaysia","ASIA",364701517787.844,210698875535,1455991973589,69510348699489,0.0209464058349588
"400","NAM","Liquidity support",177573701,"Namibia","MAF",12366527719.3322,56368756662,227246482823,12840493265866.5,0.0176976443285931
"401","NER","Liquidity support",0,"Niger","MAF",12928145120.0296,56368756662,227246482823,12840493265866.5,0.0176976443285931
"402","NGA","Liquidity support",0,"Nigeria","MAF",448120428858.769,56368756662,227246482823,12840493265866.5,0.0176976443285931
"403","NLD","Liquidity support",35869565217,"Netherlands","OECD-Europe",909070395160.783,2105840672455,4428601093859,107510223514284,0.0411923717493771
"404","NOR","Liquidity support",0,"Norway","OECD-Europe",403336363636.364,2105840672455,4428601093859,107510223514284,0.0411923717493771
"405","NZL","Liquidity support",4220698723,"New Zealand","OECD-Oceania",206928765543.935,4220698723,2354861587364,20067570526404.8,0.117346620721501
"406","PAK","Liquidity support",820855853,"Pakistan","ASIA",278221906022.841,210698875535,1455991973589,69510348699489,0.0209464058349588
"407","PAN","Liquidity support",2.35e+08,"Panama","LAM",66800800000,17695598855,450250574901,14974137462859.5,0.0300685482564696
"408","PER","Liquidity support",1134240254,"Peru","LAM",226848050819.525,17695598855,450250574901,14974137462859.5,0.0300685482564696
"409","PHL","Liquidity support",2278707588,"Philippines","ASIA",376795508679.676,210698875535,1455991973589,69510348699489,0.0209464058349588
"410","PNG","Liquidity support",182980572,"Papua New Guinea","ASIA",24969611434.7684,210698875535,1455991973589,69510348699489,0.0209464058349588
"411","POL","Liquidity support",17899761337,"Poland","OECD-Europe",592164400687.607,2105840672455,4428601093859,107510223514284,0.0411923717493771
"412","PRT","Liquidity support",16162653143,"Portugal","OECD-Europe",237686075634.698,2105840672455,4428601093859,107510223514284,0.0411923717493771
"413","PRY","Liquidity support",2.6e+09,"Paraguay","LAM",38145288939.8488,17695598855,450250574901,14974137462859.5,0.0300685482564696
"414","QAT","Liquidity support",0,"Qatar","MAF",183466208791.209,56368756662,227246482823,12840493265866.5,0.0176976443285931
"415","ROU","Liquidity support",4126277826,"Romania","OECD-Europe",250077444017.084,2105840672455,4428601093859,107510223514284,0.0411923717493771
"416","RUS","Liquidity support",0,"Russia","REF",1699876578871.35,5541085179,76705918189,6563326700996.78,0.01168704860865
"417","RWA","Liquidity support",0,"Rwanda","MAF",10122472590.172,56368756662,227246482823,12840493265866.5,0.0176976443285931
"418","SAU","Liquidity support",0,"Saudi Arabia","MAF",792966838161.659,56368756662,227246482823,12840493265866.5,0.0176976443285931
"419","SEN","Liquidity support",359894877,"Senegal","MAF",23578084052.0147,56368756662,227246482823,12840493265866.5,0.0176976443285931
"420","SGP","Liquidity support",14827537204,"Singapore","ASIA",372062527488.638,210698875535,1455991973589,69510348699489,0.0209464058349588
"421","SLB","Liquidity support",0,"Solomon Islands","OECD-Oceania",1425074225.77798,4220698723,2354861587364,20067570526404.8,0.117346620721501
"422","SLE","Liquidity support",0,"Sierra Leone","MAF",3941474310.76913,56368756662,227246482823,12840493265866.5,0.0176976443285931
"423","SRB","Liquidity support",2.64e+09,"Serbia","OECD-Europe",51409167350.7548,2105840672455,4428601093859,107510223514284,0.0411923717493771
"424","SUR","Liquidity support",0,"Suriname","LAM",3985250737.46313,17695598855,450250574901,14974137462859.5,0.0300685482564696
"425","SVK","Liquidity support",4347826087,"Slovakia","OECD-Europe",105422304975.576,2105840672455,4428601093859,107510223514284,0.0411923717493771
"426","SVN","Liquidity support",2826086957,"Slovenia","OECD-Europe",53742159516.9278,2105840672455,4428601093859,107510223514284,0.0411923717493771
"427","SWE","Liquidity support",2.4e+10,"Sweden","OECD-Europe",530832908737.862,2105840672455,4428601093859,107510223514284,0.0411923717493771
"428","SWZ","Liquidity support",0,"Swaziland","MAF",4405405802.44294,56368756662,227246482823,12840493265866.5,0.0176976443285931
"429","TCD","Liquidity support",0,"Chad","MAF",11314951342.7807,56368756662,227246482823,12840493265866.5,0.0176976443285931
"430","TGO","Liquidity support",0,"Togo","MAF",5459979416.66908,56368756662,227246482823,12840493265866.5,0.0176976443285931
"431","THA","Liquidity support",3.2e+10,"Thailand","ASIA",543649976165.63,210698875535,1455991973589,69510348699489,0.0209464058349588
"432","TJK","Liquidity support",0,"Tajikistan","REF",8116626794.25837,5541085179,76705918189,6563326700996.78,0.01168704860865
"433","TLS","Liquidity support",0,"East Timor","ASIA",1673540300,210698875535,1455991973589,69510348699489,0.0209464058349588
"434","TUN","Liquidity support",3.96e+08,"Tunisia","MAF",38797709923.6641,56368756662,227246482823,12840493265866.5,0.0176976443285931
"435","TUR","Liquidity support",3.8e+09,"Turkey","OECD-Europe",754411708202.616,2105840672455,4428601093859,107510223514284,0.0411923717493771
"436","TZA","Liquidity support",0,"Tanzania","MAF",63177068174.549,56368756662,227246482823,12840493265866.5,0.0176976443285931
"437","UGA","Liquidity support",0,"Uganda","MAF",34387229486.4008,56368756662,227246482823,12840493265866.5,0.0176976443285931
"438","UKR","Liquidity support",201600000,"Ukraine","REF",153781069118.148,5541085179,76705918189,6563326700996.78,0.01168704860865
"439","URY","Liquidity support",4e+08,"Uruguay","LAM",56045912952.342,17695598855,450250574901,14974137462859.5,0.0300685482564696
"440","USA","Liquidity support",1.242e+12,"United States of America","North America",2.14277e+13,1.242e+12,3193763844428,69492376888559.9,0.0459584775686924
"441","UZB","Liquidity support",0,"Uzbekistan","REF",57921286440.3495,5541085179,76705918189,6563326700996.78,0.01168704860865
"442","VNM","Liquidity support",0,"Vietnam","ASIA",261921244843.172,210698875535,1455991973589,69510348699489,0.0209464058349588
"443","WSM","Liquidity support",0,"Samoa","OECD-Oceania",850655017.220488,4220698723,2354861587364,20067570526404.8,0.117346620721501
"444","ZMB","Liquidity support",0,"Zambia","MAF",23064722446.3513,56368756662,227246482823,12840493265866.5,0.0176976443285931
